{
  "dataset": {
    "n_samples": 60,
    "grid_size": 64,
    "t_in": 5,
    "t_out": 5,
    "n_train": 45,
    "n_test": 15,
    "seed": 42,
    "source": "synthetic (src/synthetic_data.py) - dataset oficial nao extraido integralmente (ver data/README.md)"
  },
  "model": {
    "name": "URNNLite (ConvGRU-based, U-RNN inspired)",
    "n_parameters": 54017,
    "device": "cuda"
  },
  "training": {
    "epochs": 25,
    "batch_size": 8,
    "learning_rate": 0.001,
    "final_train_mse": 0.004945218019808332,
    "loss_curve": [
      0.014581576765825352,
      0.01341767997170488,
      0.011381303891539574,
      0.00829552672803402,
      0.006817334797233343,
      0.006770843019088109,
      0.0056792244625588255,
      0.005454459693282843,
      0.005066299811005592,
      0.004859582132970293,
      0.004724377455810706,
      0.004972502822056413,
      0.004818030400201678,
      0.004376316986357172,
      0.00441705877892673,
      0.0042771116908018785,
      0.004576139384880662,
      0.004612858407199383,
      0.005121852116038402,
      0.004620303787911932,
      0.004631127502458791,
      0.004313587405097981,
      0.004711472623360653,
      0.004461717326194048,
      0.004945218019808332
    ]
  },
  "evaluation": {
    "test_mse": 0.005291603039950132,
    "test_mae": 0.05757457762956619
  },
  "runtime_seconds": 6.58
}