{
  "dataset": {
    "n_samples": 60,
    "grid_size": 64,
    "t_in": 5,
    "t_out": 5,
    "n_train": 45,
    "n_test": 15,
    "seed": 42,
    "source": "synthetic (src/synthetic_data.py) - dataset oficial nao extraido integralmente (ver data/README.md)"
  },
  "model": {
    "name": "URNNLite (ConvGRU-based, U-RNN inspired)",
    "n_parameters": 54017,
    "device": "cuda"
  },
  "training": {
    "epochs": 25,
    "batch_size": 8,
    "learning_rate": 0.001,
    "final_train_mse": 0.004944834470128019,
    "loss_curve": [
      0.014581576455384493,
      0.013417678729941448,
      0.011381297837942839,
      0.008295519432673851,
      0.00681730763365825,
      0.006770822685211897,
      0.005679200713833173,
      0.005454449448734522,
      0.005066328604395191,
      0.004859567154198885,
      0.00472438964061439,
      0.0049725045294811325,
      0.004818009949910144,
      0.004376317374408245,
      0.004417032934725285,
      0.0042771831310043735,
      0.00457616476342082,
      0.004612766322679818,
      0.005121338414028287,
      0.004620207939296961,
      0.00463080817523102,
      0.004313335792782406,
      0.0047103749044860406,
      0.004461100868259867,
      0.004944834470128019
    ]
  },
  "evaluation": {
    "test_mse": 0.005293121095746756,
    "test_mae": 0.057576894760131836
  },
  "runtime_seconds": 6.77
}