{
  "dataset": {
    "n_samples": 60,
    "grid_size": 64,
    "t_in": 5,
    "t_out": 5,
    "n_train": 45,
    "n_test": 15,
    "seed": 42,
    "source": "synthetic (src/synthetic_data.py) - dataset oficial nao extraido integralmente (ver data/README.md)"
  },
  "model": {
    "name": "URNNLite (ConvGRU-based, U-RNN inspired)",
    "n_parameters": 54017,
    "device": "cuda"
  },
  "training": {
    "epochs": 25,
    "batch_size": 8,
    "learning_rate": 0.001,
    "final_train_mse": 0.0049447740117708845,
    "loss_curve": [
      0.014581576765825352,
      0.013417679506043593,
      0.011381302184114853,
      0.008295529056340456,
      0.006817349465563893,
      0.006770862266421318,
      0.005679243166620533,
      0.005454492522403598,
      0.005066300431887309,
      0.004859581822529435,
      0.004724415251985192,
      0.004972498941545685,
      0.0048180284987514215,
      0.004376353230327368,
      0.004417092151318987,
      0.0042771283381929,
      0.004576083272695541,
      0.004612742030682663,
      0.0051215027924627066,
      0.00462009998348852,
      0.00463073297093312,
      0.004313315575321515,
      0.004710137805280586,
      0.004460953486462434,
      0.0049447740117708845
    ]
  },
  "evaluation": {
    "test_mse": 0.005293697584420443,
    "test_mae": 0.0575784333050251
  },
  "runtime_seconds": 7.1
}